{
	"credit": "Made with Blockbench",
	"textures": {
		"0": "block/glass",
		"1": "block/honey_block_bottom",
		"particle": "block/glass"
	},
	"elements": [
		{
			"name": "bear",
			"from": [7, 0, 7],
			"to": [9, 4, 9],
			"rotation": {"angle": 0, "axis": "y", "origin": [7, 0, 7]},
			"faces": {
				"north": {"uv": [1, 0, 3, 4], "texture": "#1"},
				"east": {"uv": [1, 0, 3, 4], "texture": "#1"},
				"south": {"uv": [1, 0, 3, 4], "texture": "#1"},
				"west": {"uv": [1, 0, 3, 4], "texture": "#1"},
				"up": {"uv": [0, 0, 2, 2], "texture": "#1"},
				"down": {"uv": [4, 15, 6, 16], "texture": "#0"}
			}
		},
		{
			"from": [7.5, 1, 5],
			"to": [8.5, 2, 6],
			"rotation": {"angle": 0, "axis": "y", "origin": [0, 1, 4]},
			"faces": {
				"north": {"uv": [0, 0, 1, 1], "texture": "#0"},
				"east": {"uv": [0, 0, 1, 1], "texture": "#0"},
				"south": {"uv": [0, 0, 1, 1], "texture": "#0"},
				"west": {"uv": [0, 0, 1, 1], "texture": "#0"},
				"up": {"uv": [0, 0, 1, 1], "texture": "#0"},
				"down": {"uv": [0, 0, 1, 1], "texture": "#0"}
			}
		},
		{
			"from": [7.5, 4, 5],
			"to": [8.5, 5, 6],
			"rotation": {"angle": 0, "axis": "y", "origin": [0, 4, 4]},
			"faces": {
				"north": {"uv": [0, 0, 1, 1], "texture": "#0"},
				"east": {"uv": [0, 0, 1, 1], "texture": "#0"},
				"south": {"uv": [0, 0, 1, 1], "texture": "#0"},
				"west": {"uv": [0, 0, 1, 1], "texture": "#0"},
				"up": {"uv": [0, 0, 1, 1], "texture": "#0"},
				"down": {"uv": [0, 0, 1, 1], "texture": "#0"}
			}
		},
		{
			"from": [7.5, 1, 4.5],
			"to": [8.5, 5, 5],
			"rotation": {"angle": 0, "axis": "y", "origin": [0, 4, 3]},
			"faces": {
				"north": {"uv": [0, 0, 1, 4], "texture": "#0"},
				"east": {"uv": [0, 0, 0.5, 4], "texture": "#0"},
				"south": {"uv": [0, 0, 1, 4], "texture": "#0"},
				"west": {"uv": [0, 0, 0.5, 4], "texture": "#0"},
				"up": {"uv": [0, 0, 1, 0.5], "texture": "#0"},
				"down": {"uv": [0, 0, 1, 0.5], "texture": "#0"}
			}
		},
		{
			"from": [6, 0, 7],
			"to": [7, 5, 9],
			"rotation": {"angle": 0, "axis": "y", "origin": [6, 0, 7]},
			"faces": {
				"north": {"uv": [12, 11, 13, 16], "texture": "#0"},
				"east": {"uv": [5, 8, 7, 13], "texture": "#0"},
				"south": {"uv": [10, 11, 11, 16], "texture": "#0"},
				"west": {"uv": [12, 11, 14, 16], "texture": "#0"},
				"up": {"uv": [8, 7, 9, 9], "texture": "#0"},
				"down": {"uv": [5, 15, 7, 16], "texture": "#0"}
			}
		},
		{
			"from": [7, 0, 6],
			"to": [9, 5, 7],
			"rotation": {"angle": 0, "axis": "y", "origin": [8, 0, 5]},
			"faces": {
				"north": {"uv": [8, 11, 10, 16], "texture": "#0"},
				"east": {"uv": [8, 11, 9, 16], "texture": "#0"},
				"south": {"uv": [4, 6, 6, 11], "texture": "#0"},
				"west": {"uv": [12, 11, 13, 16], "texture": "#0"},
				"up": {"uv": [9, 8, 11, 9], "texture": "#0"},
				"down": {"uv": [5, 15, 7, 16], "texture": "#0"}
			}
		},
		{
			"from": [9, 0, 6.5],
			"to": [9.5, 5, 7],
			"rotation": {"angle": 0, "axis": "y", "origin": [9, 0, 5]},
			"faces": {
				"north": {"uv": [8, 11, 8.5, 16], "texture": "#0"},
				"east": {"uv": [6, 11, 6.5, 16], "texture": "#0"},
				"south": {"uv": [6, 5, 6.5, 10], "texture": "#0"},
				"west": {"uv": [8, 7, 8.5, 12], "texture": "#0"},
				"up": {"uv": [9, 6, 9.5, 6.5], "texture": "#0"},
				"down": {"uv": [2, 15.5, 2.5, 16], "texture": "#0"}
			}
		},
		{
			"from": [6.5, 0, 6.5],
			"to": [7, 5, 7],
			"rotation": {"angle": 0, "axis": "y", "origin": [6.5, 0, 5]},
			"faces": {
				"north": {"uv": [12, 11, 12.5, 16], "texture": "#0"},
				"east": {"uv": [7, 5, 7.5, 10], "texture": "#0"},
				"south": {"uv": [8, 6, 8.5, 11], "texture": "#0"},
				"west": {"uv": [12, 11, 12.5, 16], "texture": "#0"},
				"up": {"uv": [9, 10, 9.5, 10.5], "texture": "#0"},
				"down": {"uv": [2, 15.5, 2.5, 16], "texture": "#0"}
			}
		},
		{
			"from": [6.5, 0, 9],
			"to": [7, 5, 9.5],
			"rotation": {"angle": 0, "axis": "y", "origin": [6.5, 0, 7.5]},
			"faces": {
				"north": {"uv": [4, 5, 4.5, 10], "texture": "#0"},
				"east": {"uv": [6, 9, 6.5, 14], "texture": "#0"},
				"south": {"uv": [10, 11, 10.5, 16], "texture": "#0"},
				"west": {"uv": [10, 11, 10.5, 16], "texture": "#0"},
				"up": {"uv": [8, 8, 8.5, 8.5], "texture": "#0"},
				"down": {"uv": [4, 15.5, 4.5, 16], "texture": "#0"}
			}
		},
		{
			"from": [9, 0, 9],
			"to": [9.5, 5, 9.5],
			"rotation": {"angle": 0, "axis": "y", "origin": [9, 0, 7.5]},
			"faces": {
				"north": {"uv": [6, 4, 6.5, 9], "texture": "#0"},
				"east": {"uv": [7, 11, 7.5, 16], "texture": "#0"},
				"south": {"uv": [5, 11, 5.5, 16], "texture": "#0"},
				"west": {"uv": [8, 4, 8.5, 9], "texture": "#0"},
				"up": {"uv": [9, 8, 9.5, 8.5], "texture": "#0"},
				"down": {"uv": [2, 15.5, 2.5, 16], "texture": "#0"}
			}
		},
		{
			"from": [7, 0, 9],
			"to": [9, 5, 10],
			"rotation": {"angle": 0, "axis": "y", "origin": [8, 0, 8]},
			"faces": {
				"north": {"uv": [5, 6, 7, 11], "texture": "#0"},
				"east": {"uv": [7, 11, 8, 16], "texture": "#0"},
				"south": {"uv": [7, 11, 9, 16], "texture": "#0"},
				"west": {"uv": [5, 11, 6, 16], "texture": "#0"},
				"up": {"uv": [10, 7, 12, 8], "texture": "#0"},
				"down": {"uv": [5, 15, 7, 16], "texture": "#0"}
			}
		},
		{
			"from": [9, 0, 7],
			"to": [10, 5, 9],
			"rotation": {"angle": 0, "axis": "y", "origin": [9, 0, 7]},
			"faces": {
				"north": {"uv": [8, 11, 9, 16], "texture": "#0"},
				"east": {"uv": [13, 11, 15, 16], "texture": "#0"},
				"south": {"uv": [12, 11, 13, 16], "texture": "#0"},
				"west": {"uv": [3, 8, 5, 13], "texture": "#0"},
				"up": {"uv": [13, 6, 11, 8], "texture": "#0"},
				"down": {"uv": [2, 15, 3, 16], "texture": "#0"}
			}
		}
	],
	"display": {
		"thirdperson_righthand": {
			"rotation": [0, 90, 0],
			"translation": [3.5, 4, 0]
		},
		"thirdperson_lefthand": {
			"rotation": [0, 90, 0],
			"translation": [1, 3, 0]
		},
		"ground": {
			"translation": [0, 4.5, 0]
		},
		"gui": {
			"rotation": [25, 75, 0],
			"translation": [1.25, 10, 0],
			"scale": [2, 2, 2]
		},
		"fixed": {
			"rotation": [0, 89, 0],
			"translation": [0, 10.75, 0],
			"scale": [2, 2, 2]
		}
	},
	"groups": [
		0,
		{
			"name": "handle",
			"origin": [8, 8, 8],
			"color": 0,
			"children": [1, 2, 3]
		},
		{
			"name": "glass",
			"origin": [8, 8, 8],
			"color": 0,
			"children": [4, 5, 6, 7, 8, 9, 10, 11]
		}
	]
}