{
	"credit": "Made with Blockbench",
	"textures": {
		"0": "hotzones:item/other/numbers/5"
	},
	"elements": [
		{
			"from": [0, 0, 0],
			"to": [24, 0, 12],
			"faces": {
				"north": {"uv": [0, 0, 16, 0], "texture": "#missing"},
				"east": {"uv": [0, 0, 16, 0], "texture": "#missing"},
				"south": {"uv": [0, 0, 16, 0], "texture": "#missing"},
				"west": {"uv": [0, 0, 16, 0], "texture": "#missing"},
				"up": {"uv": [0, 0, 16, 16], "texture": "#0"},
				"down": {"uv": [0, 0, 16, 16], "texture": "#missing"}
			}
		}
	],
	"display": {
		"gui": {
			"rotation": [90, 0, 0],
			"translation": [-1, -1.7, 0]
		}
	}
}