{
	"credit": "Made with Blockbench",
	"texture_size": [64, 32],
	"textures": {
		"0": "hotzones:item/other/mobs/chicken"
	},
	"elements": [
		{
			"name": "head",
			"from": [6, 9, 2],
			"to": [10, 15, 5],
			"rotation": {"angle": 0, "axis": "y", "origin": [8, 0, 8]},
			"faces": {
				"north": {"uv": [0.75, 1.5, 1.75, 4.5], "texture": "#0"},
				"east": {"uv": [0, 1.5, 0.75, 4.5], "texture": "#0"},
				"south": {"uv": [2.5, 1.5, 3.5, 4.5], "texture": "#0"},
				"west": {"uv": [1.75, 1.5, 2.5, 4.5], "texture": "#0"},
				"up": {"uv": [1.75, 1.5, 0.75, 0], "texture": "#0"},
				"down": {"uv": [2.75, 0, 1.75, 1.5], "texture": "#0"}
			}
		},
		{
			"name": "bill",
			"from": [6, 11, 0],
			"to": [10, 13, 2],
			"rotation": {"angle": 0, "axis": "y", "origin": [8, 0, 8]},
			"faces": {
				"north": {"uv": [4, 1, 5, 2], "texture": "#0"},
				"east": {"uv": [3.5, 1, 4, 2], "texture": "#0"},
				"south": {"uv": [5.5, 1, 6.5, 2], "texture": "#0"},
				"west": {"uv": [5, 1, 5.5, 2], "texture": "#0"},
				"up": {"uv": [5, 1, 4, 0], "texture": "#0"},
				"down": {"uv": [6, 0, 5, 1], "texture": "#0"}
			}
		},
		{
			"name": "chin",
			"from": [7, 9, 1],
			"to": [9, 11, 3],
			"rotation": {"angle": 0, "axis": "y", "origin": [8, 0, 8]},
			"faces": {
				"north": {"uv": [4, 3, 4.5, 4], "texture": "#0"},
				"east": {"uv": [3.5, 3, 4, 4], "texture": "#0"},
				"south": {"uv": [5, 3, 5.5, 4], "texture": "#0"},
				"west": {"uv": [4.5, 3, 5, 4], "texture": "#0"},
				"up": {"uv": [4.5, 3, 4, 2], "texture": "#0"},
				"down": {"uv": [5, 2, 4.5, 3], "texture": "#0"}
			}
		},
		{
			"name": "body",
			"from": [5, 4, 5],
			"to": [11, 12, 11],
			"rotation": {"angle": 0, "axis": "y", "origin": [8, 0, 8]},
			"faces": {
				"north": {"uv": [1.5, 7.5, 3, 11.5], "texture": "#0"},
				"east": {"uv": [0, 7.5, 1.5, 11.5], "texture": "#0"},
				"south": {"uv": [4.5, 7.5, 6, 11.5], "texture": "#0"},
				"west": {"uv": [3, 7.5, 4.5, 11.5], "texture": "#0"},
				"up": {"uv": [3, 7.5, 1.5, 4.5], "texture": "#0"},
				"down": {"uv": [4.5, 4.5, 3, 7.5], "texture": "#0"}
			}
		},
		{
			"name": "left_wing",
			"from": [4, 7, 5],
			"to": [5, 11, 11],
			"rotation": {"angle": 0, "axis": "y", "origin": [8, 0, 8]},
			"faces": {
				"north": {"uv": [7.5, 9.5, 7.75, 11.5], "texture": "#0"},
				"east": {"uv": [6, 9.5, 7.5, 11.5], "texture": "#0"},
				"south": {"uv": [9.25, 9.5, 9.5, 11.5], "texture": "#0"},
				"west": {"uv": [7.75, 9.5, 9.25, 11.5], "texture": "#0"},
				"up": {"uv": [7.75, 9.5, 7.5, 6.5], "texture": "#0"},
				"down": {"uv": [8, 6.5, 7.75, 9.5], "texture": "#0"}
			}
		},
		{
			"name": "right_wing",
			"from": [11, 7, 5],
			"to": [12, 11, 11],
			"rotation": {"angle": 0, "axis": "y", "origin": [8, 0, 8]},
			"faces": {
				"north": {"uv": [7.5, 9.5, 7.75, 11.5], "texture": "#0"},
				"east": {"uv": [6, 9.5, 7.5, 11.5], "texture": "#0"},
				"south": {"uv": [9.25, 9.5, 9.5, 11.5], "texture": "#0"},
				"west": {"uv": [7.75, 9.5, 9.25, 11.5], "texture": "#0"},
				"up": {"uv": [7.75, 9.5, 7.5, 6.5], "texture": "#0"},
				"down": {"uv": [8, 6.5, 7.75, 9.5], "texture": "#0"}
			}
		},
		{
			"from": [5, 0, 6],
			"to": [8, 0, 9],
			"rotation": {"angle": 0, "axis": "y", "origin": [5, 0, 6]},
			"faces": {
				"north": {"uv": [8, 3.5, 8.75, 3.5], "texture": "#0"},
				"east": {"uv": [7.25, 3.5, 8, 3.5], "texture": "#0"},
				"south": {"uv": [9.5, 3.5, 10.25, 3.5], "texture": "#0"},
				"west": {"uv": [8.75, 3.5, 9.5, 3.5], "texture": "#0"},
				"up": {"uv": [8.75, 1.5, 8, 0], "texture": "#0"},
				"down": {"uv": [8.75, 0, 8, 1.5], "texture": "#0"}
			}
		},
		{
			"from": [8, 0, 6],
			"to": [11, 0, 9],
			"rotation": {"angle": 0, "axis": "y", "origin": [8, 0, 6]},
			"faces": {
				"north": {"uv": [8, 3.5, 8.75, 3.5], "texture": "#0"},
				"east": {"uv": [7.25, 3.5, 8, 3.5], "texture": "#0"},
				"south": {"uv": [9.5, 3.5, 10.25, 3.5], "texture": "#0"},
				"west": {"uv": [8.75, 3.5, 9.5, 3.5], "texture": "#0"},
				"up": {"uv": [8.75, 1.5, 8, 0], "texture": "#0"},
				"down": {"uv": [8.75, 0, 8, 1.5], "texture": "#0"}
			}
		},
		{
			"from": [6, 0, 9],
			"to": [7, 4, 9],
			"rotation": {"angle": 0, "axis": "y", "origin": [6, 0, 9]},
			"faces": {
				"north": {"uv": [9, 2, 9.25, 4], "texture": "#0"},
				"east": {"uv": [9, 2, 9.25, 4], "texture": "#0"},
				"south": {"uv": [9, 2, 9.25, 4], "texture": "#0"},
				"west": {"uv": [9, 2, 9, 4], "texture": "#0"},
				"up": {"uv": [9, 2, 8.75, 2], "texture": "#0"},
				"down": {"uv": [9.25, 2, 9, 2], "texture": "#0"}
			}
		},
		{
			"from": [9, 0, 9],
			"to": [10, 4, 9],
			"rotation": {"angle": 0, "axis": "y", "origin": [9, 0, 9]},
			"faces": {
				"north": {"uv": [9, 2, 9.25, 4], "texture": "#0"},
				"east": {"uv": [9, 2, 9.25, 4], "texture": "#0"},
				"south": {"uv": [9, 2, 9.25, 4], "texture": "#0"},
				"west": {"uv": [9, 2, 9, 4], "texture": "#0"},
				"up": {"uv": [9, 2, 8.75, 2], "texture": "#0"},
				"down": {"uv": [9.25, 2, 9, 2], "texture": "#0"}
			}
		}
	],
	"display": {
		"fixed": {
			"rotation": [-90, 0, 0],
			"translation": [0, 0, -8.01]
		}
	},
	"groups": [
		{
			"name": "head",
			"origin": [8, 9, 4],
			"color": 0,
			"children": [0]
		},
		{
			"name": "bill",
			"origin": [8, 9, 4],
			"color": 0,
			"children": [1]
		},
		{
			"name": "chin",
			"origin": [8, 9, 4],
			"color": 0,
			"children": [2]
		},
		{
			"name": "body",
			"origin": [8, 8, 8],
			"color": 0,
			"children": [3]
		},
		{
			"name": "left_wing",
			"origin": [4, 11, 8],
			"color": 0,
			"children": [4]
		},
		{
			"name": "right_wing",
			"origin": [12, 11, 8],
			"color": 0,
			"children": [5]
		},
		{
			"name": "left_leg",
			"origin": [7, 5, 9],
			"color": 0,
			"children": [6, 7]
		},
		{
			"name": "right_leg",
			"origin": [10, 5, 9],
			"color": 0,
			"children": []
		},
		8,
		9
	]
}