{
	"credit": "Made with Blockbench",
	"texture_size": [64, 32],
	"textures": {
		"0": "hotzones:item/other/mobs/enderman"
	},
	"elements": [
		{
			"name": "body",
			"from": [5.5, 15, 6],
			"to": [9.5, 21, 8],
			"rotation": {"angle": 0, "axis": "y", "origin": [9.5, 13, 8]},
			"faces": {
				"north": {"uv": [9, 10, 11, 16], "texture": "#0"},
				"east": {"uv": [8, 10, 9, 16], "texture": "#0"},
				"south": {"uv": [12, 10, 14, 16], "texture": "#0"},
				"west": {"uv": [11, 10, 12, 16], "texture": "#0"},
				"up": {"uv": [11, 10, 9, 8], "texture": "#0"},
				"down": {"uv": [13, 8, 11, 10], "texture": "#0"}
			}
		},
		{
			"name": "head",
			"from": [5.25, 21, 5.25],
			"to": [9.25, 25, 9.25],
			"rotation": {"angle": 0, "axis": "y", "origin": [9.25, 7, 9.25]},
			"faces": {
				"north": {"uv": [2, 4, 4, 8], "texture": "#0"},
				"east": {"uv": [0, 4, 2, 8], "texture": "#0"},
				"south": {"uv": [6, 4, 8, 8], "texture": "#0"},
				"west": {"uv": [4, 4, 6, 8], "texture": "#0"},
				"up": {"uv": [4, 4, 2, 0], "texture": "#0"},
				"down": {"uv": [6, 0, 4, 4], "texture": "#0"}
			}
		},
		{
			"name": "headwear",
			"from": [5.75, 21.5, 5.75],
			"to": [8.75, 24.5, 8.75],
			"rotation": {"angle": 0, "axis": "y", "origin": [9.25, 7, 9.25]},
			"faces": {
				"north": {"uv": [2, 12, 4, 16], "texture": "#0"},
				"east": {"uv": [0, 12, 2, 16], "texture": "#0"},
				"south": {"uv": [6, 12, 8, 16], "texture": "#0"},
				"west": {"uv": [4, 12, 6, 16], "texture": "#0"},
				"up": {"uv": [4, 12, 2, 8], "texture": "#0"},
				"down": {"uv": [6, 8, 4, 12], "texture": "#0"}
			}
		},
		{
			"name": "right_arm",
			"from": [9.5, 6, 6.5],
			"to": [10.5, 21, 7.5],
			"rotation": {"angle": 0, "axis": "y", "origin": [5.5, 22, 7.5]},
			"faces": {
				"north": {"uv": [14.5, 1, 15, 16], "texture": "#0"},
				"east": {"uv": [14, 1, 14.5, 16], "texture": "#0"},
				"south": {"uv": [15.5, 1, 16, 16], "texture": "#0"},
				"west": {"uv": [15, 1, 15.5, 16], "texture": "#0"},
				"up": {"uv": [15, 1, 14.5, 0], "texture": "#0"},
				"down": {"uv": [15.5, 0, 15, 1], "texture": "#0"}
			}
		},
		{
			"name": "left_arm",
			"from": [4.5, 6, 6.5],
			"to": [5.5, 21, 7.5],
			"rotation": {"angle": 0, "axis": "y", "origin": [10.5, 22, 7.5]},
			"faces": {
				"north": {"uv": [15, 1, 14.5, 16], "texture": "#0"},
				"east": {"uv": [15.5, 1, 15, 16], "texture": "#0"},
				"south": {"uv": [16, 1, 15.5, 16], "texture": "#0"},
				"west": {"uv": [14.5, 1, 14, 16], "texture": "#0"},
				"up": {"uv": [14.5, 1, 15, 0], "texture": "#0"},
				"down": {"uv": [15, 0, 15.5, 1], "texture": "#0"}
			}
		},
		{
			"name": "right_leg",
			"from": [8, 0, 6.5],
			"to": [9, 15, 7.5],
			"rotation": {"angle": 0, "axis": "y", "origin": [7, 25, 7.5]},
			"faces": {
				"north": {"uv": [14.5, 1, 15, 16], "texture": "#0"},
				"east": {"uv": [14, 1, 14.5, 16], "texture": "#0"},
				"south": {"uv": [15.5, 1, 16, 16], "texture": "#0"},
				"west": {"uv": [15, 1, 15.5, 16], "texture": "#0"},
				"up": {"uv": [15, 1, 14.5, 0], "texture": "#0"},
				"down": {"uv": [15.5, 0, 15, 1], "texture": "#0"}
			}
		},
		{
			"name": "left_leg",
			"from": [6, 0, 6.5],
			"to": [7, 15, 7.5],
			"rotation": {"angle": 0, "axis": "y", "origin": [9, 25, 7.5]},
			"faces": {
				"north": {"uv": [15, 1, 14.5, 16], "texture": "#0"},
				"east": {"uv": [15.5, 1, 15, 16], "texture": "#0"},
				"south": {"uv": [16, 1, 15.5, 16], "texture": "#0"},
				"west": {"uv": [14.5, 1, 14, 16], "texture": "#0"},
				"up": {"uv": [14.5, 1, 15, 0], "texture": "#0"},
				"down": {"uv": [15, 0, 15.5, 1], "texture": "#0"}
			}
		}
	],
	"display": {
		"fixed": {
			"rotation": [-90, 0, 0],
			"translation": [0, 0, -8]
		}
	},
	"groups": [
		{
			"name": "body",
			"origin": [8, 39, 8],
			"color": 0,
			"children": [0]
		},
		{
			"name": "head",
			"origin": [8, 39, 8],
			"color": 0,
			"children": [1]
		},
		{
			"name": "headwear",
			"origin": [8, 39, 8],
			"color": 0,
			"children": [2]
		},
		{
			"name": "right_arm",
			"origin": [13, 37, 8],
			"color": 0,
			"children": [3]
		},
		{
			"name": "left_arm",
			"origin": [3, 37, 8],
			"color": 0,
			"children": [4]
		},
		{
			"name": "right_leg",
			"origin": [10, 30, 8],
			"color": 0,
			"children": [5]
		},
		{
			"name": "left_leg",
			"origin": [6, 30, 8],
			"color": 0,
			"children": [6]
		}
	]
}