{
	"credit": "Made with Blockbench",
	"texture_size": [64, 32],
	"textures": {
		"0": "hotzones:item/other/mobs/pig"
	},
	"elements": [
		{
			"name": "body",
			"from": [3, 6, 0],
			"to": [13, 14, 16],
			"rotation": {"angle": 0, "axis": "x", "origin": [8, 11, 23]},
			"faces": {
				"north": {"uv": [11.5, 8, 9, 4], "rotation": 180, "texture": "#0"},
				"east": {"uv": [7, 8, 9, 16], "rotation": 90, "texture": "#0"},
				"south": {"uv": [14, 4, 11.5, 8], "texture": "#0"},
				"west": {"uv": [11.5, 8, 13.5, 16], "rotation": 270, "texture": "#0"},
				"up": {"uv": [13.5, 8, 16, 16], "texture": "#0"},
				"down": {"uv": [9, 8, 11.5, 16], "rotation": 180, "texture": "#0"}
			}
		},
		{
			"name": "head",
			"from": [4, 8, -6],
			"to": [12, 16, 2],
			"rotation": {"angle": 0, "axis": "y", "origin": [8, 0, 8]},
			"faces": {
				"north": {"uv": [2, 4, 4, 8], "texture": "#0"},
				"east": {"uv": [0, 4, 2, 8], "texture": "#0"},
				"south": {"uv": [6, 4, 8, 8], "texture": "#0"},
				"west": {"uv": [4, 4, 6, 8], "texture": "#0"},
				"up": {"uv": [4, 4, 2, 0], "texture": "#0"},
				"down": {"uv": [6, 0, 4, 4], "texture": "#0"}
			}
		},
		{
			"name": "head",
			"from": [6, 9, -7],
			"to": [10, 12, -6],
			"rotation": {"angle": 0, "axis": "y", "origin": [8, 0, 8]},
			"faces": {
				"north": {"uv": [4.25, 8.5, 5.25, 10], "texture": "#0"},
				"east": {"uv": [4, 8.5, 4.25, 10], "texture": "#0"},
				"south": {"uv": [5.5, 8.5, 6.5, 10], "texture": "#0"},
				"west": {"uv": [5.25, 8.5, 5.5, 10], "texture": "#0"},
				"up": {"uv": [5.25, 8.5, 4.25, 8], "texture": "#0"},
				"down": {"uv": [6.25, 8, 5.25, 8.5], "texture": "#0"}
			}
		},
		{
			"name": "leg1",
			"from": [9, 0, 13],
			"to": [13, 6, 17],
			"rotation": {"angle": 0, "axis": "y", "origin": [8, 0, 8]},
			"faces": {
				"north": {"uv": [1, 10, 2, 13], "texture": "#0"},
				"east": {"uv": [0, 10, 1, 13], "texture": "#0"},
				"south": {"uv": [3, 10, 4, 13], "texture": "#0"},
				"west": {"uv": [2, 10, 3, 13], "texture": "#0"},
				"up": {"uv": [2, 10, 1, 8], "texture": "#0"},
				"down": {"uv": [3, 8, 2, 10], "texture": "#0"}
			}
		},
		{
			"name": "leg2",
			"from": [3, 0, 13],
			"to": [7, 6, 17],
			"rotation": {"angle": 0, "axis": "y", "origin": [8, 0, 8]},
			"faces": {
				"north": {"uv": [1, 10, 2, 13], "texture": "#0"},
				"east": {"uv": [0, 10, 1, 13], "texture": "#0"},
				"south": {"uv": [3, 10, 4, 13], "texture": "#0"},
				"west": {"uv": [2, 10, 3, 13], "texture": "#0"},
				"up": {"uv": [2, 10, 1, 8], "texture": "#0"},
				"down": {"uv": [3, 8, 2, 10], "texture": "#0"}
			}
		},
		{
			"name": "leg3",
			"from": [9, 0, 1],
			"to": [13, 6, 5],
			"rotation": {"angle": 0, "axis": "y", "origin": [8, 0, 8]},
			"faces": {
				"north": {"uv": [1, 10, 2, 13], "texture": "#0"},
				"east": {"uv": [0, 10, 1, 13], "texture": "#0"},
				"south": {"uv": [3, 10, 4, 13], "texture": "#0"},
				"west": {"uv": [2, 10, 3, 13], "texture": "#0"},
				"up": {"uv": [2, 10, 1, 8], "texture": "#0"},
				"down": {"uv": [3, 8, 2, 10], "texture": "#0"}
			}
		},
		{
			"name": "leg4",
			"from": [3, 0, 1],
			"to": [7, 6, 5],
			"rotation": {"angle": 0, "axis": "y", "origin": [8, 0, 8]},
			"faces": {
				"north": {"uv": [1, 10, 2, 13], "texture": "#0"},
				"east": {"uv": [0, 10, 1, 13], "texture": "#0"},
				"south": {"uv": [3, 10, 4, 13], "texture": "#0"},
				"west": {"uv": [2, 10, 3, 13], "texture": "#0"},
				"up": {"uv": [2, 10, 1, 8], "texture": "#0"},
				"down": {"uv": [3, 8, 2, 10], "texture": "#0"}
			}
		}
	],
	"display": {
		"fixed": {
			"rotation": [-90, 0, 0],
			"translation": [0, 1.5, -8]
		}
	},
	"groups": [
		{
			"name": "body",
			"origin": [8, 13, 10],
			"color": 0,
			"children": [0]
		},
		{
			"name": "head",
			"origin": [8, 12, 2],
			"color": 0,
			"children": [1, 2]
		},
		{
			"name": "leg1",
			"origin": [11, 6, 15],
			"color": 0,
			"children": [3]
		},
		{
			"name": "leg2",
			"origin": [5, 6, 15],
			"color": 0,
			"children": [4]
		},
		{
			"name": "leg3",
			"origin": [11, 6, 3],
			"color": 0,
			"children": [5]
		},
		{
			"name": "leg4",
			"origin": [5, 6, 3],
			"color": 0,
			"children": [6]
		}
	]
}