{
	"credit": "Made with Blockbench",
	"texture_size": [64, 128],
	"textures": {
		"0": "hotzones:item/other/mobs/strider"
	},
	"elements": [
		{
			"name": "body",
			"from": [0, 15, 0],
			"to": [16, 29, 16],
			"rotation": {"angle": 0, "axis": "y", "origin": [8, 0, 8]},
			"faces": {
				"north": {"uv": [4, 2, 8, 3.75], "texture": "#0"},
				"east": {"uv": [0, 2, 4, 3.75], "texture": "#0"},
				"south": {"uv": [12, 2, 16, 3.75], "texture": "#0"},
				"west": {"uv": [8, 2, 12, 3.75], "texture": "#0"},
				"up": {"uv": [8, 2, 4, 0], "texture": "#0"},
				"down": {"uv": [12, 0, 8, 2], "texture": "#0"}
			}
		},
		{
			"name": "left_leg",
			"from": [10, 0, 6],
			"to": [14, 17, 10],
			"rotation": {"angle": 0, "axis": "y", "origin": [8, 0, 8]},
			"faces": {
				"north": {"uv": [1, 7.375, 2, 9.5], "texture": "#0"},
				"east": {"uv": [0, 7.375, 1, 9.5], "texture": "#0"},
				"south": {"uv": [3, 7.375, 4, 9.5], "texture": "#0"},
				"west": {"uv": [2, 7.375, 3, 9.5], "texture": "#0"},
				"up": {"uv": [2, 7.375, 1, 6.875], "texture": "#0"},
				"down": {"uv": [3, 6.875, 2, 7.375], "texture": "#0"}
			}
		},
		{
			"name": "right_leg",
			"from": [2, 0, 6],
			"to": [6, 17, 10],
			"rotation": {"angle": 0, "axis": "y", "origin": [8, 0, 8]},
			"faces": {
				"north": {"uv": [1, 4.5, 2, 6.625], "texture": "#0"},
				"east": {"uv": [0, 4.5, 1, 6.625], "texture": "#0"},
				"south": {"uv": [3, 4.5, 4, 6.625], "texture": "#0"},
				"west": {"uv": [2, 4.5, 3, 6.625], "texture": "#0"},
				"up": {"uv": [2, 4.5, 1, 4], "texture": "#0"},
				"down": {"uv": [3, 4, 2, 4.5], "texture": "#0"}
			}
		},
		{
			"name": "hair_left_top_rotation",
			"from": [-12, 29, 0],
			"to": [0, 29, 16],
			"rotation": {"angle": 45, "axis": "z", "origin": [0, 29, 8]},
			"faces": {
				"north": {"uv": [8, 6.125, 11, 6.125], "texture": "#0"},
				"east": {"uv": [4, 6.125, 8, 6.125], "texture": "#0"},
				"south": {"uv": [15, 6.125, 18, 6.125], "texture": "#0"},
				"west": {"uv": [11, 6.125, 15, 6.125], "texture": "#0"},
				"up": {"uv": [11, 6.125, 8, 4.125], "texture": "#0"},
				"down": {"uv": [14, 4.125, 11, 6.125], "texture": "#0"}
			}
		},
		{
			"name": "hair_left_middle_rotation",
			"from": [-12, 25, 0],
			"to": [0, 25, 16],
			"rotation": {"angle": 45, "axis": "z", "origin": [0, 25, 8]},
			"faces": {
				"north": {"uv": [7.75, 7.5, 10.75, 7.5], "texture": "#0"},
				"east": {"uv": [3.75, 7.5, 7.75, 7.5], "texture": "#0"},
				"south": {"uv": [14.75, 7.5, 17.75, 7.5], "texture": "#0"},
				"west": {"uv": [10.75, 7.5, 14.75, 7.5], "texture": "#0"},
				"up": {"uv": [10.75, 7.5, 7.75, 5.5], "texture": "#0"},
				"down": {"uv": [13.75, 5.5, 10.75, 7.5], "texture": "#0"}
			}
		},
		{
			"name": "hair_left_bottom_rotation",
			"from": [-12, 20, 0],
			"to": [0, 20, 16],
			"rotation": {"angle": 45, "axis": "z", "origin": [0, 20, 8]},
			"faces": {
				"north": {"uv": [8, 10.125, 11, 10.125], "texture": "#0"},
				"east": {"uv": [4, 10.125, 8, 10.125], "texture": "#0"},
				"south": {"uv": [15, 10.125, 18, 10.125], "texture": "#0"},
				"west": {"uv": [11, 10.125, 15, 10.125], "texture": "#0"},
				"up": {"uv": [11, 10.125, 8, 8.125], "texture": "#0"},
				"down": {"uv": [14, 8.125, 11, 10.125], "texture": "#0"}
			}
		},
		{
			"name": "hair_right_top_rotation",
			"from": [16, 28, 0],
			"to": [28, 28, 16],
			"rotation": {"angle": -45, "axis": "z", "origin": [16, 29, 8]},
			"faces": {
				"north": {"uv": [11, 6.125, 8, 6.125], "texture": "#0"},
				"east": {"uv": [15, 6.125, 11, 6.125], "texture": "#0"},
				"south": {"uv": [18, 6.125, 15, 6.125], "texture": "#0"},
				"west": {"uv": [8, 6.125, 4, 6.125], "texture": "#0"},
				"up": {"uv": [8, 6.125, 11, 4.125], "texture": "#0"},
				"down": {"uv": [11, 4.125, 14, 6.125], "texture": "#0"}
			}
		},
		{
			"name": "hair_right_middle_rotation",
			"from": [16, 24, 0],
			"to": [28, 24, 16],
			"rotation": {"angle": -45, "axis": "z", "origin": [16, 24, 8]},
			"faces": {
				"north": {"uv": [10.75, 7.375, 7.75, 7.375], "texture": "#0"},
				"east": {"uv": [14.75, 7.375, 10.75, 7.375], "texture": "#0"},
				"south": {"uv": [17.75, 7.375, 14.75, 7.375], "texture": "#0"},
				"west": {"uv": [7.75, 7.375, 3.75, 7.375], "texture": "#0"},
				"up": {"uv": [7.75, 7.375, 10.75, 5.375], "texture": "#0"},
				"down": {"uv": [10.75, 5.375, 13.75, 7.375], "texture": "#0"}
			}
		},
		{
			"name": "hair_right_bottom_rotation",
			"from": [16, 19, 0],
			"to": [28, 19, 16],
			"rotation": {"angle": -45, "axis": "z", "origin": [16, 19, 8]},
			"faces": {
				"north": {"uv": [11, 10.125, 8, 10.125], "texture": "#0"},
				"east": {"uv": [15, 10.125, 11, 10.125], "texture": "#0"},
				"south": {"uv": [18, 10.125, 15, 10.125], "texture": "#0"},
				"west": {"uv": [8, 10.125, 4, 10.125], "texture": "#0"},
				"up": {"uv": [8, 10.125, 11, 8.125], "texture": "#0"},
				"down": {"uv": [11, 8.125, 14, 10.125], "texture": "#0"}
			}
		}
	],
	"display": {
		"fixed": {
			"translation": [0, -11.5, -16]
		}
	},
	"groups": [
		{
			"name": "body",
			"origin": [8, 23, 8],
			"color": 0,
			"children": [0]
		},
		{
			"name": "left_leg",
			"origin": [12, 17, 8],
			"color": 0,
			"children": [1]
		},
		{
			"name": "right_leg",
			"origin": [4, 17, 8],
			"color": 0,
			"children": [2]
		},
		{
			"name": "hair_left_top",
			"origin": [0, 29, 0],
			"color": 0,
			"children": [
				{
					"name": "hair_left_top_rotation",
					"origin": [0, 29, 8],
					"color": 0,
					"children": [3]
				}
			]
		},
		{
			"name": "hair_left_middle",
			"origin": [0, 25, 0],
			"color": 0,
			"children": [
				{
					"name": "hair_left_middle_rotation",
					"origin": [0, 25, 8],
					"color": 0,
					"children": [4]
				}
			]
		},
		{
			"name": "hair_left_bottom",
			"origin": [0, 20, 0],
			"color": 0,
			"children": [
				{
					"name": "hair_left_bottom_rotation",
					"origin": [0, 20, 8],
					"color": 0,
					"children": [5]
				}
			]
		},
		{
			"name": "hair_right_top",
			"origin": [16, 28, 0],
			"color": 0,
			"children": [
				{
					"name": "hair_right_top_rotation",
					"origin": [16, 28, 8],
					"color": 0,
					"children": [6]
				}
			]
		},
		{
			"name": "hair_right_middle",
			"origin": [16, 24, 0],
			"color": 0,
			"children": [
				{
					"name": "hair_right_middle_rotation",
					"origin": [16, 24, 8],
					"color": 0,
					"children": [7]
				}
			]
		},
		{
			"name": "hair_right_bottom",
			"origin": [16, 19, 0],
			"color": 0,
			"children": [
				{
					"name": "hair_right_bottom_rotation",
					"origin": [16, 19, 8],
					"color": 0,
					"children": [8]
				}
			]
		}
	]
}