{
	"credit": "Made with Blockbench",
	"textures": {
		"0": "hotzones:item/other/shield",
		"particle": "hotzones:item/other/shield"
	},
	"elements": [
		{
			"from": [11, 0, 2.025],
			"to": [11, 19.25, 13.95],
			"rotation": {"angle": 0, "axis": "y", "origin": [-20, 0, 7]},
			"faces": {
				"north": {"uv": [0, 0, 0, 2], "texture": "#0"},
				"east": {"uv": [6, 0, 10, 16], "texture": "#0"},
				"south": {"uv": [0, 0, 0, 2], "texture": "#0"},
				"west": {"uv": [6, 0, 10, 16], "texture": "#0"},
				"up": {"uv": [0, 0, 0, 11.925], "texture": "#0"},
				"down": {"uv": [0, 0, 0, 11.925], "texture": "#0"}
			}
		},
		{
			"from": [8.71639, 0, 13.4805],
			"to": [8.71639, 19.25, 25.4555],
			"rotation": {"angle": -22.5, "axis": "y", "origin": [8.7164, 0, 19.4805]},
			"faces": {
				"north": {"uv": [0, 0, 0, 2], "texture": "#0"},
				"east": {"uv": [10, 0, 14, 16], "texture": "#0"},
				"south": {"uv": [0, 0, 0, 2], "texture": "#0"},
				"west": {"uv": [10, 0, 14, 16], "texture": "#0"},
				"up": {"uv": [0, 0, 0, 11.975], "texture": "#0"},
				"down": {"uv": [0, 0, 0, 11.975], "texture": "#0"}
			}
		},
		{
			"from": [2.2132, 0, 23.2382],
			"to": [2.2132, 19.25, 32],
			"rotation": {"angle": -45, "axis": "y", "origin": [2.2132, 0, 29.2132]},
			"faces": {
				"north": {"uv": [0, 0, 0, 2], "texture": "#0"},
				"east": {"uv": [0, 0, 2, 16], "texture": "#0"},
				"south": {"uv": [0, 0, 0, 2], "texture": "#0"},
				"west": {"uv": [14, 0, 16, 16], "texture": "#0"},
				"up": {"uv": [0, 0, 0, 9.9], "texture": "#0"},
				"down": {"uv": [0, 0, 0, 9.9], "texture": "#0"}
			}
		},
		{
			"from": [8.7164, 0, -9.45551],
			"to": [8.7164, 19.25, 2.51949],
			"rotation": {"angle": 22.5, "axis": "y", "origin": [8.7164, 0, -3.4805]},
			"faces": {
				"north": {"uv": [0, 0, 0, 2], "texture": "#0"},
				"east": {"uv": [2, 0, 6, 16], "texture": "#0"},
				"south": {"uv": [0, 0, 0, 2], "texture": "#0"},
				"west": {"uv": [2, 0, 6, 16], "texture": "#0"},
				"up": {"uv": [0, 0, 11.975, 0], "rotation": 90, "texture": "#0"},
				"down": {"uv": [0, 0, 11.975, 0], "rotation": 270, "texture": "#0"}
			}
		},
		{
			"from": [2.2132, 0, -16],
			"to": [2.2132, 19.25, -7.2382],
			"rotation": {"angle": 45, "axis": "y", "origin": [2.2132, 0, -13.2132]},
			"faces": {
				"north": {"uv": [0, 0, 0, 2], "texture": "#0"},
				"east": {"uv": [14, 0, 16, 16], "texture": "#0"},
				"south": {"uv": [0, 0, 0, 2], "texture": "#0"},
				"west": {"uv": [0, 0, 2, 16], "texture": "#0"},
				"up": {"uv": [0, 0, 9.9, 0], "rotation": 90, "texture": "#0"},
				"down": {"uv": [0, 0, 9.9, 0], "rotation": 270, "texture": "#0"}
			}
		}
	],
	"display": {
		"head": {
			"rotation": [0, 90, 0],
			"translation": [0, -11.25, -80],
			"scale": [4, 4, 4]
		}
	},
	"groups": [
		{
			"name": "group",
			"origin": [0, 0, 0],
			"color": 0,
			"children": [0, 1, 2, 3, 4]
		}
	]
}