{
    "parent": "minecraft:item/generated",
    "textures": {
        "layer0" : "item/blue_dye"
    },
    "overrides":[
        {"predicate" : {"custom_model_data": 1}, "model": "item/model/circles/blue/frame01"},
        {"predicate" : {"custom_model_data": 2}, "model": "item/model/circles/blue/frame02"},
        {"predicate" : {"custom_model_data": 3}, "model": "item/model/circles/blue/frame03"},
        {"predicate" : {"custom_model_data": 4}, "model": "item/model/circles/blue/frame04"},
        {"predicate" : {"custom_model_data": 5}, "model": "item/model/circles/blue/frame05"},
        {"predicate" : {"custom_model_data": 6}, "model": "item/model/circles/blue/frame06"},
        {"predicate" : {"custom_model_data": 7}, "model": "item/model/circles/blue/frame07"},
        {"predicate" : {"custom_model_data": 8}, "model": "item/model/circles/blue/frame08"},
        {"predicate" : {"custom_model_data": 9}, "model": "item/model/circles/blue/frame09"},
        {"predicate" : {"custom_model_data": 10}, "model": "item/model/circles/blue/frame10"},
        {"predicate" : {"custom_model_data": 11}, "model": "item/model/circles/blue/frame11"},
        {"predicate" : {"custom_model_data": 12}, "model": "item/model/circles/blue/frame12"},
        {"predicate" : {"custom_model_data": 13}, "model": "item/model/circles/blue/frame13"},
        {"predicate" : {"custom_model_data": 14}, "model": "item/model/circles/blue/frame14"},
        {"predicate" : {"custom_model_data": 15}, "model": "item/model/circles/blue/frame15"},
        {"predicate" : {"custom_model_data": 16}, "model": "item/model/circles/blue/frame16"}
    ]
}