{
    "parent": "minecraft:item/generated",
    "textures": {
        "layer0" : "item/bow"
    },
    "overrides":[
        {"predicate" : {"custom_model_data": 1}, "model": "item/model/knockeddown/tactical/frame1"},
        {"predicate" : {"custom_model_data": 2}, "model": "item/model/knockeddown/tactical/frame2"},
        {"predicate" : {"custom_model_data": 3}, "model": "item/model/knockeddown/tactical/frame3"},
        {"predicate" : {"custom_model_data": 4}, "model": "item/model/knockeddown/tactical/frame4"},
        {"predicate" : {"custom_model_data": 5}, "model": "item/model/knockeddown/tactical/frame5"},
        {"predicate" : {"custom_model_data": 6}, "model": "item/model/knockeddown/tactical/frame6"},
        {"predicate" : {"custom_model_data": 7}, "model": "item/model/knockeddown/tactical/frame7"},
        {"predicate" : {"custom_model_data": 8}, "model": "item/model/knockeddown/tactical/frame8"},
        {"predicate" : {"custom_model_data": 9}, "model": "item/model/knockeddown/tactical/frame9"},
        {"predicate" : {"custom_model_data": 10}, "model": "item/model/knockeddown/tactical/frame10"},
        {"predicate" : {"custom_model_data": 11}, "model": "item/model/knockeddown/tactical/frame11"},
        {"predicate" : {"custom_model_data": 12}, "model": "item/model/knockeddown/tactical/frame12"},
        {"predicate" : {"custom_model_data": 13}, "model": "item/model/knockeddown/tactical/frame13"},
        {"predicate" : {"custom_model_data": 14}, "model": "item/model/knockeddown/tactical/frame14"},
        {"predicate" : {"custom_model_data": 15}, "model": "item/model/knockeddown/tactical/frame15"},
        {"predicate" : {"custom_model_data": 16}, "model": "item/model/knockeddown/tactical/frame16"},
        {"predicate" : {"custom_model_data": 17}, "model": "item/model/knockeddown/tactical/frame17"},
        {"predicate" : {"custom_model_data": 18}, "model": "item/model/knockeddown/tactical/frame18"},
        {"predicate" : {"custom_model_data": 19}, "model": "item/model/knockeddown/tactical/frame19"},
        {"predicate" : {"custom_model_data": 20}, "model": "item/model/knockeddown/tactical/frame20"}
    ]
}