{
    "parent": "minecraft:item/generated",
    "textures": {
        "layer0" : "item/flint"
    },
    "overrides":[
        {"predicate" : {"custom_model_data": 1}, "model": "item/gadgets/c4"},
        {"predicate" : {"custom_model_data": 2}, "model": "item/gadgets/drone"},
        {"predicate" : {"custom_model_data": 3}, "model": "item/gadgets/emp"},
        {"predicate" : {"custom_model_data": 4}, "model": "item/gadgets/granate"},
        {"predicate" : {"custom_model_data": 5}, "model": "item/gadgets/jumppad"},
        {"predicate" : {"custom_model_data": 6}, "model": "item/gadgets/oxygen_tank"},
        {"predicate" : {"custom_model_data": 7}, "model": "item/gadgets/scanner"},
        {"predicate" : {"custom_model_data": 8}, "model": "item/gadgets/unknown"}
    ]
}