{
    "parent": "minecraft:item/generated",
    "textures": {
        "layer0" : "item/glass_bottle"
    },
    "overrides":[
        {"predicate" : {"custom_model_data": 1}, "model": "item/model/knockeddown/ghost/frame1"},
        {"predicate" : {"custom_model_data": 2}, "model": "item/model/knockeddown/ghost/frame2"},
        {"predicate" : {"custom_model_data": 3}, "model": "item/model/knockeddown/ghost/frame3"},
        {"predicate" : {"custom_model_data": 4}, "model": "item/model/knockeddown/ghost/frame4"},
        {"predicate" : {"custom_model_data": 5}, "model": "item/model/knockeddown/ghost/frame5"},
        {"predicate" : {"custom_model_data": 6}, "model": "item/model/knockeddown/ghost/frame6"},
        {"predicate" : {"custom_model_data": 7}, "model": "item/model/knockeddown/ghost/frame7"},
        {"predicate" : {"custom_model_data": 8}, "model": "item/model/knockeddown/ghost/frame8"},
        {"predicate" : {"custom_model_data": 9}, "model": "item/model/knockeddown/ghost/frame9"},
        {"predicate" : {"custom_model_data": 10}, "model": "item/model/knockeddown/ghost/frame10"},
        {"predicate" : {"custom_model_data": 11}, "model": "item/model/knockeddown/ghost/frame11"},
        {"predicate" : {"custom_model_data": 12}, "model": "item/model/knockeddown/ghost/frame12"},
        {"predicate" : {"custom_model_data": 13}, "model": "item/model/knockeddown/ghost/frame13"},
        {"predicate" : {"custom_model_data": 14}, "model": "item/model/knockeddown/ghost/frame14"},
        {"predicate" : {"custom_model_data": 15}, "model": "item/model/knockeddown/ghost/frame15"},
        {"predicate" : {"custom_model_data": 16}, "model": "item/model/knockeddown/ghost/frame16"},
        {"predicate" : {"custom_model_data": 17}, "model": "item/model/knockeddown/ghost/frame17"},
        {"predicate" : {"custom_model_data": 18}, "model": "item/model/knockeddown/ghost/frame18"},
        {"predicate" : {"custom_model_data": 19}, "model": "item/model/knockeddown/ghost/frame19"},
        {"predicate" : {"custom_model_data": 20}, "model": "item/model/knockeddown/ghost/frame20"}
    ]
}