{
    "parent" : "minecraft:item/handheld",
    "textures": {
        "layer0" : "minecraft:item/golden_hoe"
    },

    "overrides": [
        {"predicate": {"custom_model_data": 1}, "model": "item/model/playerstatue/tactical"},
        {"predicate": {"custom_model_data": 2}, "model": "item/model/playerstatue/tank"},
        {"predicate": {"custom_model_data": 3}, "model": "item/model/playerstatue/medic"},
        {"predicate": {"custom_model_data": 4}, "model": "item/model/playerstatue/engineer"},
        {"predicate": {"custom_model_data": 5}, "model": "item/model/playerstatue/assassin"},
        {"predicate": {"custom_model_data": 6}, "model": "item/model/playerstatue/tactical_disabled"},
        {"predicate": {"custom_model_data": 7}, "model": "item/model/playerstatue/tank_disabled"},
        {"predicate": {"custom_model_data": 8}, "model": "item/model/playerstatue/medic_disabled"},
        {"predicate": {"custom_model_data": 9}, "model": "item/model/playerstatue/engineer_disabled"},
        {"predicate": {"custom_model_data": 10}, "model": "item/model/playerstatue/assassin_disabled"},
        {"predicate": {"custom_model_data": 11}, "model": "item/model/shield"}
    ]
}