{
    "parent": "minecraft:item/generated",
    "textures": {
        "layer0" : "item/purple_dye"
    },
    "overrides":[
        {"predicate" : {"custom_model_data": 1}, "model": "item/model/mobs/piglin"},
        {"predicate" : {"custom_model_data": 2}, "model": "item/model/mobs/strider"},
        {"predicate" : {"custom_model_data": 3}, "model": "item/model/mobs/sheep"},
        {"predicate" : {"custom_model_data": 4}, "model": "item/model/mobs/pig"},
        {"predicate" : {"custom_model_data": 5}, "model": "item/model/mobs/chicken"},
        {"predicate" : {"custom_model_data": 6}, "model": "item/model/mobs/end_crystal"},
        {"predicate" : {"custom_model_data": 7}, "model": "item/model/mobs/enderman"}
    ]
}