{
    "parent": "minecraft:item/generated",
    "textures": {
        "layer0" : "item/red_dye"
    },
    "overrides":[
        {"predicate" : {"custom_model_data": 1}, "model": "item/model/circles/red/frame01"},
        {"predicate" : {"custom_model_data": 2}, "model": "item/model/circles/red/frame02"},
        {"predicate" : {"custom_model_data": 3}, "model": "item/model/circles/red/frame03"},
        {"predicate" : {"custom_model_data": 4}, "model": "item/model/circles/red/frame04"},
        {"predicate" : {"custom_model_data": 5}, "model": "item/model/circles/red/frame05"},
        {"predicate" : {"custom_model_data": 6}, "model": "item/model/circles/red/frame06"},
        {"predicate" : {"custom_model_data": 7}, "model": "item/model/circles/red/frame07"},
        {"predicate" : {"custom_model_data": 8}, "model": "item/model/circles/red/frame08"},
        {"predicate" : {"custom_model_data": 9}, "model": "item/model/circles/red/frame09"},
        {"predicate" : {"custom_model_data": 10}, "model": "item/model/circles/red/frame10"},
        {"predicate" : {"custom_model_data": 11}, "model": "item/model/circles/red/frame11"},
        {"predicate" : {"custom_model_data": 12}, "model": "item/model/circles/red/frame12"},
        {"predicate" : {"custom_model_data": 13}, "model": "item/model/circles/red/frame13"},
        {"predicate" : {"custom_model_data": 14}, "model": "item/model/circles/red/frame14"},
        {"predicate" : {"custom_model_data": 15}, "model": "item/model/circles/red/frame15"},
        {"predicate" : {"custom_model_data": 16}, "model": "item/model/circles/red/frame16"}
    ]
}