{
    "parent": "minecraft:item/generated",
    "textures": {
        "layer0" : "item/white_dye"
    },
    "overrides":[
        {"predicate" : {"custom_model_data": 1}, "model": "item/model/display/tactical"},
        {"predicate" : {"custom_model_data": 2}, "model": "item/model/display/medic"},
        {"predicate" : {"custom_model_data": 3}, "model": "item/model/display/tank"},
        {"predicate" : {"custom_model_data": 4}, "model": "item/model/display/assassin"},
        {"predicate" : {"custom_model_data": 5}, "model": "item/model/display/engineer"}
    ]
}