{
    "parent": "minecraft:item/generated",
    "textures": {
        "layer0" : "item/yellow_dye"
    },
    "overrides":[
        {"predicate" : {"custom_model_data": 1}, "model": "item/numbers/1"},
        {"predicate" : {"custom_model_data": 2}, "model": "item/numbers/2"},
        {"predicate" : {"custom_model_data": 3}, "model": "item/numbers/3"},
        {"predicate" : {"custom_model_data": 4}, "model": "item/numbers/4"},
        {"predicate" : {"custom_model_data": 5}, "model": "item/numbers/5"},
        {"predicate" : {"custom_model_data": 6}, "model": "item/numbers/empty"},
        {"predicate" : {"custom_model_data": 7}, "model": "item/model/other/bear"}
    ]
}