{
	"credit": "Made with Blockbench",
	"textures": {
		"0": "hotzones:item/other/circles/red/frame08",
		"particle": "hotzones:item/other/circles/red/frame08"
	},
	"elements": [
		{
			"from": [32, 0, 3.225],
			"to": [32, 11, 12.775],
			"rotation": {"angle": 0, "axis": "y", "origin": [-6, 0, 0]},
			"faces": {
				"north": {"uv": [0, 0, 0, 6], "texture": "#0"},
				"east": {"uv": [0, 0, 16, 16], "texture": "#0"},
				"south": {"uv": [0, 0, 0, 6], "texture": "#0"},
				"west": {"uv": [0, 0, 16, 16], "texture": "#0"},
				"up": {"uv": [0, 0, 0, 9.55], "texture": "#0"},
				"down": {"uv": [0, 0, 0, 9.55], "texture": "#0"}
			}
		},
		{
			"from": [30.17311, 0, 12.4094],
			"to": [30.17311, 11, 21.9594],
			"rotation": {"angle": -22.5, "axis": "y", "origin": [30.1731, 0, 17.1844]},
			"rotated": [0, -22.5, -0.00002],
			"faces": {
				"north": {"uv": [0, 0, 0, 6], "texture": "#0"},
				"east": {"uv": [0, 0, 16, 16], "texture": "#0"},
				"south": {"uv": [0, 0, 0, 6], "texture": "#0"},
				"west": {"uv": [0, 0, 16, 16], "texture": "#0"},
				"up": {"uv": [0, 0, 0, 9.55], "texture": "#0"},
				"down": {"uv": [0, 0, 0, 9.55], "texture": "#0"}
			}
		},
		{
			"from": [24.97056, 0, 20.19556],
			"to": [24.97056, 11, 29.775],
			"rotation": {"angle": -45, "axis": "y", "origin": [24.9706, 0, 24.9706]},
			"faces": {
				"north": {"uv": [0, 0, 0, 6], "texture": "#0"},
				"east": {"uv": [0, 0, 16, 16], "texture": "#0"},
				"south": {"uv": [0, 0, 0, 6], "texture": "#0"},
				"west": {"uv": [0, 0, 16, 16], "texture": "#0"},
				"up": {"uv": [0, 0, 0, 9.57944], "texture": "#0"},
				"down": {"uv": [0, 0, 0, 9.57944], "texture": "#0"}
			}
		},
		{
			"from": [12.4094, 0, 30.17311],
			"to": [21.9594, 11, 30.17311],
			"rotation": {"angle": 22.5, "axis": "y", "origin": [17.1844, 0, 30.1731]},
			"faces": {
				"north": {"uv": [0, 0, 16, 16], "texture": "#0"},
				"east": {"uv": [0, 0, 0, 6], "texture": "#0"},
				"south": {"uv": [0, 0, 16, 16], "texture": "#0"},
				"west": {"uv": [0, 0, 0, 6], "texture": "#0"},
				"up": {"uv": [0, 0, 9.55, 0], "texture": "#0"},
				"down": {"uv": [0, 0, 9.55, 0], "texture": "#0"}
			}
		},
		{
			"from": [3.25, 0, 32],
			"to": [12.775, 11, 32],
			"rotation": {"angle": 0, "axis": "y", "origin": [8, 0, 32]},
			"faces": {
				"north": {"uv": [0, 0, 16, 16], "texture": "#0"},
				"east": {"uv": [0, 0, 0, 6], "texture": "#0"},
				"south": {"uv": [0, 0, 16, 16], "texture": "#0"},
				"west": {"uv": [0, 0, 0, 6], "texture": "#0"},
				"up": {"uv": [0, 0, 9.525, 0], "texture": "#0"},
				"down": {"uv": [0, 0, 9.525, 0], "texture": "#0"}
			}
		},
		{
			"from": [-5.9594, 0, 30.17311],
			"to": [3.5906, 11, 30.17311],
			"rotation": {"angle": -22.5, "axis": "y", "origin": [-1.1844, 0, 30.1731]},
			"faces": {
				"north": {"uv": [0, 0, 16, 16], "texture": "#0"},
				"east": {"uv": [0, 0, 0, 6], "texture": "#0"},
				"south": {"uv": [0, 0, 16, 16], "texture": "#0"},
				"west": {"uv": [0, 0, 0, 6], "texture": "#0"},
				"up": {"uv": [0, 0, 9.55, 0], "texture": "#0"},
				"down": {"uv": [0, 0, 9.55, 0], "texture": "#0"}
			}
		},
		{
			"from": [-13.74556, 0, 24.97056],
			"to": [-4.19556, 11, 24.97056],
			"rotation": {"angle": -45, "axis": "y", "origin": [-8.9706, 0, 24.9706]},
			"faces": {
				"north": {"uv": [0, 0, 16, 16], "texture": "#0"},
				"east": {"uv": [0, 0, 0, 6], "texture": "#0"},
				"south": {"uv": [0, 0, 16, 16], "texture": "#0"},
				"west": {"uv": [0, 0, 0, 6], "texture": "#0"},
				"up": {"uv": [0, 0, 9.55, 0], "texture": "#0"},
				"down": {"uv": [0, 0, 9.55, 0], "texture": "#0"}
			}
		},
		{
			"from": [-14.17311, 0, 12.3844],
			"to": [-14.17311, 11, 21.9594],
			"rotation": {"angle": 22.5, "axis": "y", "origin": [-14.1731, 0, 17.1844]},
			"faces": {
				"north": {"uv": [0, 0, 0, 6], "texture": "#0"},
				"east": {"uv": [0, 0, 16, 16], "texture": "#0"},
				"south": {"uv": [0, 0, 0, 6], "texture": "#0"},
				"west": {"uv": [0, 0, 16, 16], "texture": "#0"},
				"up": {"uv": [0, 0, 0, 9.575], "texture": "#0"},
				"down": {"uv": [0, 0, 0, 9.575], "texture": "#0"}
			}
		},
		{
			"from": [-16, 0, 4.175],
			"to": [-16, 11, 12.775],
			"rotation": {"angle": 0, "axis": "y", "origin": [-1, 0, 0]},
			"faces": {
				"north": {"uv": [0, 0, 0, 6], "texture": "#0"},
				"east": {"uv": [0, 0, 16, 16], "texture": "#0"},
				"south": {"uv": [0, 0, 0, 6], "texture": "#0"},
				"west": {"uv": [0, 0, 16, 16], "texture": "#0"},
				"up": {"uv": [0, 0, 0, 8.6], "texture": "#0"},
				"down": {"uv": [0, 0, 0, 8.6], "texture": "#0"}
			}
		},
		{
			"from": [-14.17311, 0, -6.8094],
			"to": [-14.17311, 11, 4.5406],
			"rotation": {"angle": -22.5, "axis": "y", "origin": [-14.1731, 0, -0.1844]},
			"faces": {
				"north": {"uv": [0, 0, 0, 6], "texture": "#0"},
				"east": {"uv": [0, 0, 16, 16], "texture": "#0"},
				"south": {"uv": [0, 0, 0, 6], "texture": "#0"},
				"west": {"uv": [0, 0, 16, 16], "texture": "#0"},
				"up": {"uv": [0, 0, 0, 11.35], "texture": "#0"},
				"down": {"uv": [0, 0, 0, 11.35], "texture": "#0"}
			}
		},
		{
			"from": [-8.97056, 0, -13.74556],
			"to": [-8.97056, 11, -5.19556],
			"rotation": {"angle": -45, "axis": "y", "origin": [-8.9706, 0, -8.9706]},
			"faces": {
				"north": {"uv": [0, 0, 0, 6], "texture": "#0"},
				"east": {"uv": [0, 0, 16, 16], "texture": "#0"},
				"south": {"uv": [0, 0, 0, 6], "texture": "#0"},
				"west": {"uv": [0, 0, 16, 16], "texture": "#0"},
				"up": {"uv": [0, 0, 0, 8.55], "texture": "#0"},
				"down": {"uv": [0, 0, 0, 8.55], "texture": "#0"}
			}
		},
		{
			"from": [-5.9594, 0, -14.17311],
			"to": [3.5906, 11, -14.17311],
			"rotation": {"angle": 22.5, "axis": "y", "origin": [-1.1844, 0, -14.1731]},
			"faces": {
				"north": {"uv": [0, 0, 16, 16], "texture": "#0"},
				"east": {"uv": [0, 0, 0, 6], "texture": "#0"},
				"south": {"uv": [0, 0, 16, 16], "texture": "#0"},
				"west": {"uv": [0, 0, 0, 6], "texture": "#0"},
				"up": {"uv": [0, 0, 9.55, 0], "texture": "#0"},
				"down": {"uv": [0, 0, 9.55, 0], "texture": "#0"}
			}
		},
		{
			"from": [3.225, 0, -16],
			"to": [12.775, 11, -16],
			"rotation": {"angle": 0, "axis": "y", "origin": [0, 0, -1]},
			"faces": {
				"north": {"uv": [0, 0, 16, 16], "texture": "#0"},
				"east": {"uv": [0, 0, 0, 6], "texture": "#0"},
				"south": {"uv": [0, 0, 16, 16], "texture": "#0"},
				"west": {"uv": [0, 0, 0, 6], "texture": "#0"},
				"up": {"uv": [0, 0, 9.55, 0], "texture": "#0"},
				"down": {"uv": [0, 0, 9.55, 0], "texture": "#0"}
			}
		},
		{
			"from": [12.4094, 0, -14.17311],
			"to": [21.9594, 11, -14.17311],
			"rotation": {"angle": -22.5, "axis": "y", "origin": [17.1844, 0, -14.1731]},
			"faces": {
				"north": {"uv": [0, 0, 16, 16], "texture": "#0"},
				"east": {"uv": [0, 0, 0, 6], "texture": "#0"},
				"south": {"uv": [0, 0, 16, 16], "texture": "#0"},
				"west": {"uv": [0, 0, 0, 6], "texture": "#0"},
				"up": {"uv": [0, 0, 9.55, 0], "texture": "#0"},
				"down": {"uv": [0, 0, 9.55, 0], "texture": "#0"}
			}
		},
		{
			"from": [20.19556, 0, -8.97056],
			"to": [29.775, 11, -8.97056],
			"rotation": {"angle": -45, "axis": "y", "origin": [24.9706, 0, -8.9706]},
			"faces": {
				"north": {"uv": [0, 0, 16, 16], "texture": "#0"},
				"east": {"uv": [0, 0, 0, 6], "texture": "#0"},
				"south": {"uv": [0, 0, 16, 16], "texture": "#0"},
				"west": {"uv": [0, 0, 0, 6], "texture": "#0"},
				"up": {"uv": [0, 0, 9.57944, 0], "texture": "#0"},
				"down": {"uv": [0, 0, 9.57944, 0], "texture": "#0"}
			}
		},
		{
			"from": [30.17311, 0, -5.9594],
			"to": [30.17311, 11, 3.5906],
			"rotation": {"angle": 22.5, "axis": "y", "origin": [30.1731, 0, -1.1844]},
			"faces": {
				"north": {"uv": [0, 0, 0, 6], "texture": "#0"},
				"east": {"uv": [0, 0, 16, 16], "texture": "#0"},
				"south": {"uv": [0, 0, 0, 6], "texture": "#0"},
				"west": {"uv": [0, 0, 16, 16], "texture": "#0"},
				"up": {"uv": [0, 0, 0, 9.55], "texture": "#0"},
				"down": {"uv": [0, 0, 0, 9.55], "texture": "#0"}
			}
		}
	],
	"display": {
		"firstperson_righthand": {
			"scale": [1, 1, 4]
		},
		"firstperson_lefthand": {
			"scale": [1, 4, 1]
		},
		"head": {
			"scale": [4, 1, 1]
		}
	}
}